UserNo,Salutation,FirstName,MiddleName,LastName,Gender,Email,DateOfBirth,Address,Userid,Password,AreaOfInterest,OtherInterest
1,Mr.,varad,sanja,paralikar,male,vsp1231@gmail.com,1963-01-03,ahmedabad gujrati,varad,varad, databaseProgramming mobileProgramming,PS4
2,Mr.,varad,sanjay,paralikar,male,vsp@gmail.com,1961-01-04,ahmedabad,varad123,varad, webProgramming databaseProgramming,
3,Mr.,????,????,?????,male,vsp@gmail.com,2019-03-05,??????,????,varad, webProgramming,
4,Mr.,????,?????,?????,male,vsp@gmail.com,1961-01-03,??????,asfasfasf,varado, webProgramming,
5,Mr.,ヴァラド,サナジャヨ,パラリｒカル,male,vsp@gmail.com,2019-08-21,アｈメダバド,ヴァラｄ,varad, webProgramming,
6,Mr.,ヴァラド,サンジャヨ,パラリカル,male,vsp@gmail.com,1997-03-17,アｈメダバド,ヴァラドパラリカル,varado, webProgramming databaseProgramming,
7,Mr.,asvasv,asvasvsav,asf,Male,asfasf@gmail.com,1960-01-01,asfasfasf,asfasgsagg,safsafsfsdfs, swingProgramming mobileProgramming,
8,Mr.,Vimal,Kumar,Makwana,male,makwana@gmail.com,2019-01-04,Ahmedabade,mra,Emp@1234, swingProgramming mobileProgramming,Test
9,Mr.,入力してくださ,入力してくださ,入力してくださ,male,vimal@gmail.com,2019-08-20,が間違っています,います,Emp@1234, webProgramming databaseProgramming,
10,Miss,Test,,sadsad,female,test@gmail.com,2019-01-01,Ahmedabad,test,Emp@1234, databaseProgramming swingProgramming,
11,Mr.,asfasf,sfas,safas,male,vsp@gmai.com,1962-04-04,afsas,asfsssssss,fsafasfs, mobileProgramming,
12,Mrs.,asfasf,fasfas,asfsaf,Male,vsp@gmail.com,1984-02-25,asfas,qq,qq, mobileProgramming,
13,Mr.,Vimal,???????,fdsfdsf,male,test@gmail.com,1960-01-04,Ahmedabad,mraaa,Emp@1234, webProgramming swingProgramming mobileProgramming,Cricketasddddddddd
14,Miss,sadsa,sadad,sadad,Male,sadas@gmail.com,1987-01-27,sdsd,sdsds,sdsdsdsds, webProgramming,
15,Mr.,asfaf,safasf,asfsaf,male,vsp@gmail.com,1960-02-19,asfasfas,asfasfsfasf,asfasfasfsaf, databaseProgramming,
16,Mr.,Vimal,,トしました,Female,test@gmail.com,1960-02-01,Ahmedabad,mra001,Emp@1234, databaseProgramming,
17,Mr.,vasvasv,asfasf,asfasfas,Male,vsp@gmail.com,1961-02-02,asfsa,asfasf,safasfa, webProgramming,
18,Mr.,varad,asfasf,asfas,Female,vsp@gmail.com,1960-02-03,asvas,asvasv,safasf, mobileProgramming,
19,Mr.,asfasf,asfasf,asfasf,Female,vsp@gmail.com,1961-01-17,as,asfsfsssssssss,sssssssssssssssssss, webProgramming,
20,Mr.,asfasf,safasf,asfsaf,male,vsp@gmail.com,1960-02-19,asfasf,asfasfasfsfsf,sfssfssfs, webProgramming,
21,Mr.,asfasf,safas,asfasf,Female,vsp@gmail.com,1960-03-03,ss,s,s, mobileProgramming,
22,Mr.,asfasf,safasf,asfasf,male,vsp@gmail.com,1960-03-02,sfsaf,safasf,s, mobileProgramming,
23,Mr.,asfasf,asfasf,ss,male,vsp@gmail.com,1960-01-19,ss,sss,ss, mobileProgramming,
24,Mr.,safasf,safasfsa,asfasfsaf,male,vsp@gmail.com,1960-01-02,fasfsafsaf,sssssssssssssss,ssssssssssssssssssssss, databaseProgramming swingProgramming,PS4
25,Mr.,ヴァラド,サンジャヨ,パラリカル,male,vsp@gmail.com,1962-03-02,sfasf,asfasfsafasfasfssss,sss, webProgramming databaseProgramming,
26,Mr.,あささささ,さあああああ,わわわわ,male,vsp@gmail.com,1981-02-23,あはまだばど,さささささｓ,sfsfsasas, databaseProgramming swingProgramming,PS4
27,Mr.,varad,sanjay,paralikar,male,vsp@gmail.com,1961-04-03,ahmedabad,var123,varadasfasf, webProgramming databaseProgramming,PS4
28,Miss,asdsa,sadsa,sadsadsa,female,asdsa@gmail.com,1977-04-19,Ahmedabad,asdsadasd,Emp@1234asdsaddsadas, databaseProgramming,
29,Mr.,Vimal,asd,sadasd,male,sadsad@gmail.com,1961-01-02,Ahmedabad,sdasd,sdsad, databaseProgramming,
30,Mr.,Vimal,sadsa,asdsa,male,sadsad@gmail.com,1960-02-03,Ahmedabad,sadsa,sdasdasda, databaseProgramming,
31,,asdsad,,sadsad,female,tesad@gmail.com,1985-01-27,,ads,sad, webProgramming,
